주소,현재 유동성($),초기 유동성($),성장률(x),시가총액($),유명 지갑 수
Ed35BvjfBUNXeq6eC24rBkjp9G3k8KoU4f3mJnDwpump,0.00,0.00,0.00,67112.25,1
2THNAZ9YsVDmBAWLiukTrSeUwdbw2FLBvzbxDQhipump,0.00,0.00,0.00,58281.42,1
4dwxV2UuD1cWFvLWLtJm57bGKGb2m9MfGCM8U482pump,0.00,0.00,0.00,55431.42,1
onS3PfHftmKbVG7kYHN4jD1A5qib4BaZTvdREPMpump,0.00,0.00,0.00,49337.69,1
33165gifLTdPM2b3ux8NZEnKzCWqYeVduH8bSL4upump,0.00,0.00,0.00,43618.15,2
9Ck3D2CrV1BWAaNYYUCEFTR1G2NWMZfHAnghbXFspump,0.00,0.00,0.00,39515.42,2
3aw8NUMZNG73zbA5GHB34ug1tL9VaRTsLJFiZGX9pump,0.00,0.00,0.00,37919.39,1
Hvysb6iLNv1g6gMF6dWEY3NVmDFVUTGjuj7coEF9pump,0.00,0.00,0.00,35019.00,1
F5PAKd8MfQv19q7NyR4WYc6kYW3suBF4dY8VKfQgpump,0.00,0.00,0.00,31609.75,1
J7ki3FDsnYEy3arGR6NZuTTaEDU3Au9R6xJb35FRV93p,0.00,0.00,0.00,31110.36,1
EEsSQf7EF4jy6jJxn2Z7PgtJXMymt6rg9YH9TKw4pump,0.00,0.00,0.00,29881.00,1
3NnDhVZquDuGau5VuCSr1QgDnTtfVkaJfErQiFptpump,0.00,0.00,0.00,29602.61,2
9PKnGqfgMcFMV2Eu9dvufK6qxNiqq1iP3uBZxMyApump,0.00,0.00,0.00,29648.28,3
344HJkozNpWFTFgEis3tdX86VLDKHE4KHR54DGfopump,0.00,0.00,0.00,27932.89,1
